User_ID,Engagement_Level,Likes,Shares,Comments,Clicks,Engagement_with_Ads,Time_Spent_on_Platform,Purchase_History,Purchase_Likelihood,brand,buy
2,High,"8,413,654,618,473,890","4,824,120,603,015,070","0,53","0,74","4,666,666,666,666,660","697,986,577,181,208",0,1,0,"5,733,867,342,978,630"
4,High,"6,987,951,807,228,910","2,914,572,864,321,600","0,27","0,76","0,5","8,859,060,402,684,560",0,1,0,0
8,High,"6,084,337,349,397,580","42,713,567,839,195,900","0,84","0,92","6,333,333,333,333,330","6,778,523,489,932,880",1,0,"7,045,884,279,284,790","7,096,161,971,300,210"
13,High,"6,305,220,883,534,130","7,537,688,442,211,050","7,000,000,000,000,000","0,18","16,666,666,666,666,600","1,342,281,879,194,630",1,0,0,"5,160,008,998,865,630"
14,High,"28,112,449,799,196,700","9,798,994,974,874,370","0,27","0,34","13,333,333,333,333,300","60,402,684,563,758,300",1,1,0,"577,341,669,064,506"
16,High,"789,156,626,506,024","41,708,542,713,567,800","0,27","0,92",0,"8,724,832,214,765,100",1,1,0,0
20,High,"4,216,867,469,879,510","20,100,502,512,562,800","0,18","0,52","43,333,333,333,333,300","42,281,879,194,630,800",0,0,0,0
23,High,"5,823,293,172,690,760","2,814,070,351,758,790","0,17","0,46","0,5","9,395,973,154,362,410",0,1,0,0
32,High,"7,228,915,662,650,600","4,673,366,834,170,850","0,73","0,08","16,666,666,666,666,600","26,845,637,583,892,600",0,1,"43,383,351,426,007,000",0
34,High,"9,618,473,895,582,320","3,869,346,733,668,340","0,29","0,5","0,9",1,1,1,0,0
36,High,"23,493,975,903,614,400","16,080,402,010,050,200","0,01","0,54","4,666,666,666,666,660","9,664,429,530,201,340",0,1,0,0
43,High,"24,297,188,755,020,000","3,316,582,914,572,860","0,02","0,24","0,7","9,463,087,248,322,140",1,0,0,"577,341,669,064,506"
46,High,"35,742,971,887,550,100","7,386,934,673,366,830","0,45","0,88","9,666,666,666,666,660","8,724,832,214,765,090",0,1,"5,052,454,141,928,530",0
47,High,"7,248,995,983,935,740","8,944,723,618,090,450","0,6","0,64","6,666,666,666,666,660","5,369,127,516,778,520",0,0,0,0
48,High,"8,795,180,722,891,560","21,608,040,201,005,000","0,4","0,4","0,7","8,859,060,402,684,560",0,1,"6,914,342,867,985,430",0
50,High,"606,425,702,811,245","9,045,226,130,653,260","0,53","0,52","0,6","7,718,120,805,369,120",0,1,0,0
53,High,"8,614,457,831,325,300","36,683,417,085,427,100","0,24","0,26","5,333,333,333,333,330","9,932,885,906,040,260",0,0,0,0
56,High,"7,028,112,449,799,190","3,618,090,452,261,300","47,000,000,000,000,000","0,86","0,1","3,825,503,355,704,690",1,0,0,"5,867,736,078,900,070"
60,High,"6,164,658,634,538,150","8,140,703,517,587,930","0,28","0,98","26,666,666,666,666,600","5,033,557,046,979,860",1,0,0,0
65,High,"17,871,485,943,775,000","7,035,175,879,396,980","0,48","0,54","6,666,666,666,666,660","43,624,161,073,825,400",0,1,0,"7,181,289,936,871,510"
66,High,"8,433,734,939,759,030","19,095,477,386,934,600","0,9","0,18","43,333,333,333,333,300","3,221,476,510,067,110",1,1,"8,200,080,232,027,300",0
69,High,"7,429,718,875,502,000","17,587,939,698,492,400","0,33","0,06","9,666,666,666,666,660","60,402,684,563,758,300",0,0,0,"4,969,769,148,311,360"
79,High,"33,132,530,120,481,900","7,537,688,442,211,050","0,31","0,88",1,"5,436,241,610,738,250",1,1,0,0
81,High,"8,132,530,120,481,920","3,065,326,633,165,820","0,45","0,04","8,333,333,333,333,330","8,724,832,214,765,090",1,0,0,"6,004,473,053,562,420"
82,High,"9,638,554,216,867,460","6,180,904,522,613,060","0,85","0,84","0,5","832,214,765,100,671",0,0,"4,972,188,816,820,880",0
83,High,"8,674,698,795,180,720","6,834,170,854,271,350","0,23","0,22","9,333,333,333,333,330","697,986,577,181,208",0,0,"7,359,077,831,846,000",0
84,High,"46,787,148,594,377,500","8,341,708,542,713,560","0,53","0,68","5,666,666,666,666,660","4,161,073,825,503,350",0,0,0,0
86,High,"5,923,694,779,116,460","7,035,175,879,396,980","6,900,000,000,000,000","0,64","36,666,666,666,666,600","6,711,409,395,973,150",0,1,0,0
90,High,"7,188,755,020,080,320","3,015,075,376,884,420","0,64","0,42","4,666,666,666,666,660","8,724,832,214,765,090",0,0,0,"738,301,269,540,322"
92,High,"39,156,626,506,024,000","4,723,618,090,452,260","0,4","0,66",1,"10,067,114,093,959,700",1,1,"5,758,496,444,771,740",0
97,High,"8,212,851,405,622,480","23,115,577,889,447,200","0,39","0,06","9,666,666,666,666,660","3,355,704,697,986,570",0,0,0,0
98,High,"24,497,991,967,871,400","5,276,381,909,547,730","0,4","0,62","43,333,333,333,333,300","1,342,281,879,194,630",1,1,0,0
102,High,"9,457,831,325,301,200","8,592,964,824,120,600","0,75","0,5","43,333,333,333,333,300","4,429,530,201,342,280",0,1,0,0
110,High,"5,602,409,638,554,210","8,844,221,105,527,630","0,61","0,46","6,333,333,333,333,330","22,147,651,006,711,400",1,1,0,0
120,High,"7,851,405,622,489,950","9,949,748,743,718,590","0,11","0,04","0,5","6,040,268,456,375,830",0,0,0,0
121,High,"2,610,441,767,068,270","7,487,437,185,929,640","0,33","0,42","0,8","825,503,355,704,698",1,1,"4,989,458,263,938,880",0
122,High,"21,285,140,562,248,900","6,633,165,829,145,720","0,99","0,44","0,4","5,033,557,046,979,860",0,0,0,0
127,High,"3,072,289,156,626,500","38,190,954,773,869,300","0,79","0,66","0,1","7,181,208,053,691,270",0,0,"5,125,738,680,128,370",0
129,High,"4,497,991,967,871,480","10,000,000,000,000,000","0,67","0,88","26,666,666,666,666,600","7,046,979,865,771,810",1,1,0,0
132,High,"6,365,461,847,389,550","6,984,924,623,115,570","0,12","0,54","23,333,333,333,333,300","7,114,093,959,731,540",0,1,"7,203,562,479,441,640",0
133,High,"6,024,096,385,542,160","3,517,587,939,698,490","0,28","0,12","16,666,666,666,666,600","8,187,919,463,087,240",1,0,0,0
136,High,"610,441,767,068,273","8,291,457,286,432,160","0,75","0,98","0,2","785,234,899,328,859",1,0,"579,854,299,529,278",0
138,High,"502,008,032,128,514","5,778,894,472,361,800","0,43","0,96","0,4","261,744,966,442,953",0,1,0,"5,850,848,023,420,020"
139,High,"5,682,730,923,694,770","36,683,417,085,427,100","0,6","0,5","5,666,666,666,666,660","8,523,489,932,885,900",0,1,0,0
143,High,"9,959,839,357,429,710","7,437,185,929,648,240","0,2","0,26","8,666,666,666,666,660","8,389,261,744,966,440",1,0,0,0
147,High,"823,293,172,690,763","5,226,130,653,266,330","0,75","0,74","0,1","3,825,503,355,704,690",1,0,0,0
148,High,"8,493,975,903,614,450","1,407,035,175,879,390","9,400,000,000,000,000","0,42",1,"6,510,067,114,093,950",0,0,0,0
150,High,"4,618,473,895,582,320","5,728,643,216,080,400","0,91","0,64","0,4","3,087,248,322,147,650",0,0,0,0
152,High,"2,289,156,626,506,020","32,160,804,020,100,500","0,48","0,24","7,333,333,333,333,330","261,744,966,442,953",1,0,0,0
161,High,"8,152,610,441,767,060","1,507,537,688,442,210","0,6","0,98","7,333,333,333,333,330","5,369,127,516,778,520",0,0,0,0
162,High,"7,590,361,445,783,130","7,085,427,135,678,390","0,64","0,5","0,1","8,791,946,308,724,830",0,0,"41,721,352,263,990,000",0
167,High,"931,726,907,630,522","7,537,688,442,211,050","0,55","0,04","8,333,333,333,333,330","8,389,261,744,966,440",0,0,"6,004,493,913,029,260",0
170,High,"5,321,285,140,562,240","16,080,402,010,050,200","0,73","0,24","8,333,333,333,333,330","8,590,604,026,845,630",0,0,"5,779,779,507,752,650","5,821,022,588,463,210"
171,High,"6,405,622,489,959,830","9,296,482,412,060,300","0,54","9,400,000,000,000,000","0,7","38,926,174,496,644,200",1,0,"7,203,562,479,441,640",0
175,High,"6,706,827,309,236,940","39,195,979,899,497,400","0,19","0,2","16,666,666,666,666,600","8,120,805,369,127,510",1,0,0,0
176,High,"1,827,309,236,947,790","9,547,738,693,467,330","0,23","0,92","0,4","8,724,832,214,765,090",1,1,0,0
179,High,"7,188,755,020,080,320","5,527,638,190,954,770","0,74","0,46","7,666,666,666,666,660","36,241,610,738,255,000",0,1,0,"43,422,506,156,477,200"
180,High,"7,991,967,871,485,940","6,180,904,522,613,060","0,31","0,92","16,666,666,666,666,600","7,382,550,335,570,460",0,1,"5,060,696,278,642,270",0
183,High,"7,409,638,554,216,860","32,160,804,020,100,500","0,03",0,"5,666,666,666,666,660","8,523,489,932,885,900",0,1,"5,075,123,717,049,860","511,133,854,787,475"
184,High,"36,947,791,164,658,600","9,045,226,130,653,260","0,85","0,1","0,6","3,221,476,510,067,110",1,1,"4,559,556,410,013,260",0
185,High,"4,799,196,787,148,590","6,080,402,010,050,250","0,3","0,22","0,7","27,516,778,523,489,900",0,1,"5,830,703,293,313,920","5,872,309,753,595,480"
189,High,"19,076,305,220,883,500","3,969,849,246,231,150","0,63","0,22","0,2","4,899,328,859,060,400",1,0,0,0
193,High,"37,550,200,803,212,800","5,577,889,447,236,180","0,33","0,08","13,333,333,333,333,300","6,107,382,550,335,560",0,1,0,"5,733,867,342,978,630"
198,High,"9,759,036,144,578,310","20,100,502,512,562,800","9,400,000,000,000,000","0,5","0,6","16,107,382,550,335,500",0,0,0,0
205,High,"28,714,859,437,751","864,321,608,040,201","0,66","0,72","0,1","30,201,342,281,879,100",1,0,0,0
207,High,"28,112,449,799,196,700","3,015,075,376,884,420","0,56","0,04","13,333,333,333,333,300","6,241,610,738,255,030",0,1,"5,772,748,579,188,550",0
210,High,"7,670,682,730,923,690","8,894,472,361,809,040","0,28","0,32","8,333,333,333,333,330","8,590,604,026,845,630",1,0,0,0
211,High,"823,293,172,690,763","5,226,130,653,266,330","0,43",0,"13,333,333,333,333,300","8,389,261,744,966,440",0,1,0,0
215,High,"9,899,598,393,574,290","17,587,939,698,492,400","0,4","9,400,000,000,000,000","9,666,666,666,666,660","12,080,536,912,751,600",0,0,0,0
219,High,"16,265,060,240,963,800","8,994,974,874,371,850","0,01","0,5",0,"9,865,771,812,080,530",0,1,0,0
226,High,"13,052,208,835,341,300","7,839,195,979,899,490","0,25","0,98","36,666,666,666,666,600","20,134,228,187,919,400",0,0,"49,933,654,177,990,700",0
232,High,"38,554,216,867,469,800","5,829,145,728,643,210","0,97","0,5","8,666,666,666,666,660","6,107,382,550,335,560",1,0,0,0
234,High,"4,558,232,931,726,900","6,683,417,085,427,130","0,73","0,36","6,333,333,333,333,330","5,906,040,268,456,370",1,0,"5,050,381,112,703,430","5,086,419,386,407,630"
235,High,"6,726,907,630,522,080","2,412,060,301,507,530","0,67","0,02","7,333,333,333,333,330","28,859,060,402,684,500",0,0,0,"7,193,123,257,067,440"
236,High,"9,859,437,751,004,010","7,236,180,904,522,610","0,87","0,9","0,3","42,281,879,194,630,800",1,1,0,"5,745,751,995,636,570"
237,High,"38,152,610,441,767,000","5,477,386,934,673,360","5,700,000,000,000,000","0,52","43,333,333,333,333,300",1,1,0,"4,926,389,534,567,240",0
238,High,"2,771,084,337,349,390","27,638,190,954,773,800","0,59","0,52","43,333,333,333,333,300","697,986,577,181,208",0,1,0,0
240,High,"8,514,056,224,899,590","8,743,718,592,964,820","0,99","0,02","7,333,333,333,333,330","5,570,469,798,657,710",0,1,0,"5,093,886,158,532,130"
242,High,"4,698,795,180,722,890","40,201,005,025,125,600","0,27","0,02","8,333,333,333,333,330","42,281,879,194,630,800",1,0,0,1
245,High,"8,052,208,835,341,360","20,603,015,075,376,800","0,27","0,34","7,333,333,333,333,330","8,053,691,275,167,780",0,0,0,0
249,High,"8,273,092,369,477,910","7,587,939,698,492,460","35,000,000,000,000,000","0,66","0,3","6,107,382,550,335,560",1,0,0,0
250,High,"6,566,265,060,240,960","15,577,889,447,236,100","0,19","0,06","16,666,666,666,666,600","9,597,315,436,241,600",1,1,"518,497,980,047,046",0
257,High,"40,361,445,783,132,500","271,356,783,919,598","0,86","0,58","7,333,333,333,333,330","3,422,818,791,946,300",0,1,0,0
260,High,"38,554,216,867,469,800","8,140,703,517,587,930","0,75","0,38","13,333,333,333,333,300","7,986,577,181,208,050",1,0,0,0
262,High,"7,771,084,337,349,390","22,613,065,326,633,100",0,"0,86","7,333,333,333,333,330","8,590,604,026,845,630",1,0,0,0
263,High,"6,586,345,381,526,100","8,994,974,874,371,850","0,8","0,3","0,1","5,838,926,174,496,640",1,0,0,0
264,High,"34,538,152,610,441,700","6,231,155,778,894,470","0,53","0,92","0,5","3,959,731,543,624,160",1,0,0,0
266,High,"3,273,092,369,477,910","6,432,160,804,020,100","47,000,000,000,000,000","0,56","43,333,333,333,333,300","14,093,959,731,543,600",1,0,0,0
269,High,"9,959,839,357,429,710","5,879,396,984,924,620","0,4","0,3","6,666,666,666,666,660","3,355,704,697,986,570",1,0,"7,168,392,468,491,490",0
270,High,"7,690,763,052,208,830","8,341,708,542,713,560","0,5",1,"6,666,666,666,666,660","5,436,241,610,738,250",0,1,0,0
271,High,"4,497,991,967,871,480","5,477,386,934,673,360","0,27","0,92","0,6","5,973,154,362,416,100",0,1,0,0
272,High,"9,638,554,216,867,460","9,849,246,231,155,770","0,05","0,3","6,333,333,333,333,330","5,906,040,268,456,370",1,1,0,"6,939,962,496,915,860"
273,High,"7,851,405,622,489,950","8,090,452,261,306,530","0,73","0,14","3,333,333,333,333,330","697,986,577,181,208",1,0,0,0
274,High,"142,570,281,124,498","135,678,391,959,799","0,84","0,16","6,666,666,666,666,660","832,214,765,100,671",0,1,"49,768,648,952,015,600",0
275,High,"1,827,309,236,947,790","7,638,190,954,773,860","0,38","0,02","13,333,333,333,333,300","42,281,879,194,630,800",0,1,0,"5,046,727,201,691,460"
277,High,"6,586,345,381,526,100","19,597,989,949,748,700","41,000,000,000,000,000","0,8","9,333,333,333,333,330","43,624,161,073,825,400",1,1,"7,033,158,026,658,370",0
284,High,"9,919,678,714,859,430","35,175,879,396,984,900","0,13","0,96","6,666,666,666,666,660","12,080,536,912,751,600",0,1,0,0
285,High,"20,682,730,923,694,700","9,597,989,949,748,740","0,56","0,1",1,"3,355,704,697,986,570",0,0,0,0
289,High,"2,751,004,016,064,250","8,291,457,286,432,160","0,21","0,56","16,666,666,666,666,600","9,731,543,624,161,070",0,0,0,"577,341,669,064,506"
290,High,"1,004,016,064,257,020","27,638,190,954,773,800","0,21","0,38","0,2","6,442,953,020,134,220",0,0,0,0
292,High,"6,124,497,991,967,870","3,015,075,376,884,420","0,6","0,58","36,666,666,666,666,600","46,308,724,832,214,700",1,1,0,"5,900,984,192,222,870"
293,High,"7,309,236,947,791,160","22,613,065,326,633,100","0,75","9,400,000,000,000,000","36,666,666,666,666,600","3,959,731,543,624,160",1,0,"5,823,485,113,790,290",0
296,High,"859,437,751,004,016","964,824,120,603,015","0,91","0,74","6,333,333,333,333,330","38,926,174,496,644,200",0,1,0,0
299,High,"5,160,642,570,281,120","3,969,849,246,231,150","0,42","0,52","26,666,666,666,666,600","9,731,543,624,161,070",0,1,0,0
302,High,"28,714,859,437,751","7,537,688,442,211,050","0,24","0,4",1,"5,100,671,140,939,590",1,1,0,"4,355,673,038,713,190"
305,High,"8,775,100,401,606,420","6,733,668,341,708,540","0,81","0,38","0,6","9,261,744,966,442,950",0,1,0,0
308,High,"10,441,767,068,273,000","15,075,376,884,422,100","0,62","0,1","0,5","2,818,791,946,308,720",0,0,0,0
309,High,"6,626,506,024,096,380","7,185,929,648,241,200","0,53","0,96","6,333,333,333,333,330","4,161,073,825,503,350",1,1,0,0
310,High,"12,048,192,771,084,300","9,798,994,974,874,370","0,5","0,14","0,3","8,724,832,214,765,100",0,0,0,0
311,High,"7,550,200,803,212,850","7,889,447,236,180,900","0,59","9,400,000,000,000,000","0,6","1,140,939,597,315,430",0,0,"4,983,880,923,142,440",0
315,High,"4,056,224,899,598,390",0,"35,000,000,000,000,000","0,18","3,333,333,333,333,330","30,201,342,281,879,100",0,0,0,0
317,High,"18,072,289,156,626,500","6,834,170,854,271,350","0,56","0,9","26,666,666,666,666,600","174,496,644,295,302",0,1,0,0
318,High,"17,269,076,305,220,800","4,422,110,552,763,810","0,58","0,5","0,8","8,389,261,744,966,440",0,1,0,0
324,High,"9,919,678,714,859,430","10,050,251,256,281,400","0,65","0,62","7,666,666,666,666,660","22,818,791,946,308,700",1,1,"49,593,512,489,374,700",0
325,High,"4,156,626,506,024,090","1,507,537,688,442,210","0,13","0,3","6,666,666,666,666,660","23,489,932,885,906,000",0,0,"8,150,417,243,762,270","4,104,288,305,263,370"
328,High,"504,016,064,257,028","8,040,201,005,025,120","0,75","0,46","43,333,333,333,333,300","38,926,174,496,644,200",0,1,"518,497,980,047,046",0
330,High,"7,108,433,734,939,750","23,115,577,889,447,200","0,56","0,02","6,666,666,666,666,660","2,483,221,476,510,060",0,1,0,0
332,High,"9,839,357,429,718,870","23,115,577,889,447,200","0,54","0,3","0,3","5,100,671,140,939,590",1,0,0,0
340,High,"823,293,172,690,763","16,080,402,010,050,200","0,88","9,400,000,000,000,000","0,5","174,496,644,295,302",1,1,"7,007,430,051,161,570",0
341,High,"789,156,626,506,024","5,477,386,934,673,360","0,48","0,22","0,4","3,221,476,510,067,110",1,0,0,"7,181,289,936,871,510"
342,High,"24,096,385,542,168,600","14,572,864,321,608,000","0,78","0,12","23,333,333,333,333,300","4,093,959,731,543,620",0,1,0,0
345,High,"5,682,730,923,694,770","24,623,115,577,889,400","0,68","0,4","9,666,666,666,666,660","4,899,328,859,060,400",0,1,"8,305,232,819,280,790",0
349,High,"9,196,787,148,594,370","3,969,849,246,231,150","0,55","0,44","0,9","9,463,087,248,322,140",1,1,0,0
350,High,"9,819,277,108,433,730","8,994,974,874,371,850","0,28","0,16","3,333,333,333,333,330","2,483,221,476,510,060",1,1,"7,007,430,051,161,570",0
356,High,"2,329,317,269,076,300","18,592,964,824,120,600","0,06","0,74","5,333,333,333,333,330","37,583,892,617,449,600",1,0,0,0
359,High,"6,847,389,558,232,930","11,557,788,944,723,600","0,37","0,76","23,333,333,333,333,300","3,825,503,355,704,690",0,0,0,0
363,High,"5,622,489,959,839,350","26,130,653,266,331,600","6,900,000,000,000,000","0,44","8,666,666,666,666,660","523,489,932,885,906",0,0,0,"4,104,112,621,885,200"
365,High,"7,831,325,301,204,810","27,638,190,954,773,800","0,8","0,32","8,666,666,666,666,660","912,751,677,852,349",0,0,0,0
367,High,"37,951,807,228,915,600","9,346,733,668,341,700","0,52","8,200,000,000,000,000","36,666,666,666,666,600","19,463,087,248,322,100",1,1,0,0
369,High,"465,863,453,815,261","964,824,120,603,015","0,16","0,02","0,7","22,818,791,946,308,700",0,0,"6,004,493,913,029,260",0
373,High,"6,124,497,991,967,870","8,391,959,798,994,970","0,09","0,3","0,7","8,859,060,402,684,560",0,1,0,0
375,High,"8,674,698,795,180,720","7,889,447,236,180,900","0,46","0,72","8,333,333,333,333,330","4,093,959,731,543,620",0,1,0,0
376,High,"56,224,899,598,393,500","4,020,100,502,512,560","0,73","0,72","13,333,333,333,333,300","7,114,093,959,731,540",0,1,"49,593,512,489,374,700",0
377,High,"9,417,670,682,730,920","7,989,949,748,743,710","0,56","0,62","0,8","9,798,657,718,120,800",0,0,0,0
382,High,"9,337,349,397,590,360","7,839,195,979,899,490","0,84","0,58","7,333,333,333,333,330","174,496,644,295,302",1,0,0,0
383,High,"7,108,433,734,939,750","3,869,346,733,668,340","0,65","0,62","6,666,666,666,666,660","5,906,040,268,456,370",1,1,"7,108,189,277,841,200",0
385,High,"20,281,124,497,991,900","3,517,587,939,698,490","0,54","0,32","0,1","9,731,543,624,161,070",0,1,0,0
386,High,"2,188,755,020,080,320","4,623,115,577,889,440","0,45","0,26","0,2","12,751,677,852,348,900",0,1,0,"6,011,385,008,729,280"
389,High,"2,469,879,518,072,280","5,477,386,934,673,360","0,05","0,92","4,666,666,666,666,660","2,684,563,758,389,260",1,0,0,0
393,High,"1,827,309,236,947,790","6,582,914,572,864,320","0,39","0,16","23,333,333,333,333,300","4,429,530,201,342,280",0,1,0,0
397,High,"7,971,887,550,200,800","1,256,281,407,035,170","0,58","0,12","0,8","5,033,557,046,979,860",1,1,0,0
398,High,"2,911,646,586,345,380","9,698,492,462,311,550","0,15","0,48","16,666,666,666,666,600","26,845,637,583,892,600",0,1,0,0
400,High,"8,935,742,971,887,540","38,190,954,773,869,300","0,76","0,08","0,6","40,268,456,375,838,900",0,0,0,"5,832,221,883,778,030"
402,High,"8,915,662,650,602,400","5,829,145,728,643,210","0,08","0,8","6,666,666,666,666,660","174,496,644,295,302",0,1,0,0
403,High,"4,076,305,220,883,530","20,603,015,075,376,800","0,13","0,2","16,666,666,666,666,600","4,697,986,577,181,200",0,0,0,0
404,High,"28,112,449,799,196,700","14,572,864,321,608,000","8,300,000,000,000,000","0,34","43,333,333,333,333,300","7,651,006,711,409,390",1,0,0,0
408,High,"9,437,751,004,016,060","8,894,472,361,809,040","0,56","0,42","3,333,333,333,333,330","8,389,261,744,966,440",0,0,0,0
413,High,"2,771,084,337,349,390","9,296,482,412,060,300","8,300,000,000,000,000","0,38","4,666,666,666,666,660","47,651,006,711,409,300",0,0,0,0
417,High,"5,301,204,819,277,100","36,683,417,085,427,100","0,65","0,64","7,333,333,333,333,330","4,093,959,731,543,620",0,1,0,0
425,High,"18,674,698,795,180,700","20,100,502,512,562,800","0,2","0,54","0,4","10,067,114,093,959,700",1,1,0,"513,725,045,916,214"
433,High,"22,088,353,413,654,600",0,"0,48","0,46","6,333,333,333,333,330","8,724,832,214,765,100",1,0,"40,486,170,808,570,600","40,775,070,135,626,200"
436,High,"19,477,911,646,586,300","2,964,824,120,603,010","0,03","0,12","9,666,666,666,666,660","40,268,456,375,838,900",0,0,0,0
437,High,"49,196,787,148,594,300","35,678,391,959,798,900","0,09","0,92","0,4","5,436,241,610,738,250",0,0,"8,093,772,760,244,120","40,757,639,629,741,300"
439,High,"8,473,895,582,329,310","22,110,552,763,819,000","0,42","9,400,000,000,000,000","13,333,333,333,333,300","3,959,731,543,624,160",1,0,0,0
440,High,"8,433,734,939,759,030","7,939,698,492,462,310","0,15","0,6","0,8","40,268,456,375,838,900",1,0,"7,033,158,026,658,370",0
442,High,"8,032,128,514,056,220","914,572,864,321,608","47,000,000,000,000,000","0,24","6,666,666,666,666,660","60,402,684,563,758,300",0,1,0,0
444,High,"47,791,164,658,634,500","7,537,688,442,211,050","0,73","0,16","9,333,333,333,333,330","8,523,489,932,885,900",1,1,"5,808,854,837,805,250",0
448,High,"8,634,538,152,610,440","6,934,673,366,834,170","0,1","0,32","0,7","7,315,436,241,610,730",1,0,0,0
449,High,"11,044,176,706,827,300","6,381,909,547,738,690","0,78","0,26","3,333,333,333,333,330","12,080,536,912,751,600",1,1,0,"5,850,848,023,420,020"
450,High,"899,598,393,574,297","3,417,085,427,135,670",0,"0,88","0,5","9,664,429,530,201,340",1,1,0,"5,132,934,558,100,990"
455,High,"825,301,204,819,277","24,623,115,577,889,400","0,98","9,400,000,000,000,000","0,4","8,053,691,275,167,780",0,0,0,0
458,High,"6,024,096,385,542,160","7,839,195,979,899,490","0,45","0,76","0,3","8,724,832,214,765,090",1,0,0,0
460,High,"8,634,538,152,610,440","7,738,693,467,336,680","0,85","0,36","16,666,666,666,666,600","7,986,577,181,208,050",0,1,"5,094,929,775,727,920",0
468,High,"7,831,325,301,204,810","20,100,502,512,562,800","0,04","0,98","36,666,666,666,666,600","21,476,510,067,114,000",0,1,0,0
470,High,"6,586,345,381,526,100","5,025,125,628,140,700","0,98","0,14","23,333,333,333,333,300","6,778,523,489,932,880",1,1,0,0
471,High,"8,795,180,722,891,560","3,115,577,889,447,230",1,"0,96","23,333,333,333,333,300","25,503,355,704,697,900",0,0,0,"5,152,629,223,301,050"
472,High,"6,927,710,843,373,490","3,065,326,633,165,820","7,000,000,000,000,000","7,000,000,000,000,000","7,666,666,666,666,660","16,778,523,489,932,800",0,1,0,0
473,High,"8,353,413,654,618,470","6,030,150,753,768,840","0,64","0,96","0,4","15,436,241,610,738,200",1,0,0,"5,782,865,835,298,550"
475,High,"967,871,485,943,775","9,447,236,180,904,520","0,05","0,98","3,333,333,333,333,330","16,107,382,550,335,500",0,0,"4,950,902,597,355,500",0
478,High,"9,578,313,253,012,040","48,743,718,592,964,800","0,31","0,16","0,4","3,221,476,510,067,110",0,1,0,0
480,High,"6,907,630,522,088,350","7,487,437,185,929,640","0,28","0,88","8,333,333,333,333,330","832,214,765,100,671",1,0,0,"4,095,652,662,912,730"
482,High,"4,417,670,682,730,920","9,346,733,668,341,700","0,91","0,36","0,3","832,214,765,100,671",0,1,0,0
495,High,"1,506,024,096,385,540","8,040,201,005,025,120","0,4","0,6","5,666,666,666,666,660","1,342,281,879,194,620",0,1,0,"7,058,386,000,088,310"
496,High,"39,558,232,931,726,900","4,723,618,090,452,260","0,27","0,88","8,666,666,666,666,660","10,738,255,033,557,000",1,1,0,0
497,High,"3,273,092,369,477,910","2,663,316,582,914,570","41,000,000,000,000,000","0,12","4,666,666,666,666,660","6,577,181,208,053,690",0,1,0,0
498,High,"6,385,542,168,674,690","964,824,120,603,015","0,46","0,2","0,2","7,114,093,959,731,540",0,0,0,0
1,Low,"6,024,096,385,542,160","7,688,442,211,055,270","0,44","0,26","7,333,333,333,333,330","919,463,087,248,322",0,0,"5,680,707,930,701,870",0
3,Low,"8,473,895,582,329,310","3,517,587,939,698,490","0,43","0,12",0,"1,879,194,630,872,480",1,1,0,"5,067,834,059,420,820"
5,Low,"5,481,927,710,843,370","1,306,532,663,316,580","0,86","0,38","0,7","8,859,060,402,684,560",1,1,"5,142,942,828,860,020",0
6,Low,"6,967,871,485,943,770","7,135,678,391,959,790","0,2","0,84","36,666,666,666,666,600","3,355,704,697,986,570",0,1,0,0
10,Low,"7,248,995,983,935,740","7,839,195,979,899,490","0,98","8,200,000,000,000,000","0,1","697,986,577,181,208",1,1,"8,245,752,570,434,120",0
12,Low,"4,578,313,253,012,040","20,603,015,075,376,800","0,59","0,68",0,"8,926,174,496,644,290",0,0,0,"8,206,171,441,328,920"
17,Low,"6,224,899,598,393,570","24,623,115,577,889,400","0,8","0,62",0,"38,926,174,496,644,200",0,0,0,"8,274,814,321,324,860"
19,Low,"9,779,116,465,863,450","15,075,376,884,422,100","0,89","9,400,000,000,000,000","0,7","2,080,536,912,751,670",0,1,"581,909,171,846,092",0
24,Low,"7,630,522,088,353,410","9,698,492,462,311,550","9,500,000,000,000,000","0,5","7,333,333,333,333,330","6,577,181,208,053,690",0,1,0,0
26,Low,"4,216,867,469,879,510","6,984,924,623,115,570","0,67","0,12","6,666,666,666,666,660","37,583,892,617,449,600",0,1,0,"5,012,719,834,328,230"
28,Low,"48,995,983,935,742,900","728,643,216,080,402","0,89","0,4","7,333,333,333,333,330","8,120,805,369,127,510",1,1,0,0
29,Low,"4,939,759,036,144,570","7,688,442,211,055,270","0,43","0,66","3,333,333,333,333,330","9,395,973,154,362,410",1,1,0,"738,301,269,540,322"
33,Low,"7,389,558,232,931,720","10,000,000,000,000,000","0,09","0,56","36,666,666,666,666,600","40,268,456,375,838,900",0,0,0,0
38,Low,"5,642,570,281,124,490","271,356,783,919,598","0,43","0,52","6,666,666,666,666,660","15,436,241,610,738,200",1,0,0,0
39,Low,"716,867,469,879,518","8,040,201,005,025,120","0,07","0,8",0,"40,268,456,375,838,900",0,1,0,0
41,Low,"7,188,755,020,080,320","6,783,919,597,989,940","0,37","0,04","9,333,333,333,333,330","6,644,295,302,013,420",0,0,"5,007,223,059,329,520","5,042,953,367,811,820"
44,Low,"49,196,787,148,594,300","39,195,979,899,497,400","0,61","0,42","3,333,333,333,333,330","3,355,704,697,986,570",0,1,0,0
49,Low,"7,971,887,550,200,800","7,939,698,492,462,310","0,59","0,8","0,4","4,563,758,389,261,740",1,0,0,"8,937,844,994,847,920"
51,Low,"48,594,377,510,040,100","8,542,713,567,839,190","0,84",1,"0,7","9,664,429,530,201,340",1,0,0,0
52,Low,"9,337,349,397,590,360","38,190,954,773,869,300","0,78","0,18","0,2","7,046,979,865,771,810",1,0,"7,045,884,279,284,790","7,096,161,971,300,210"
54,Low,"7,590,361,445,783,130","1,407,035,175,879,390","0,58","0,34","7,333,333,333,333,330","6,912,751,677,852,340",0,0,"5,919,716,565,811,430",0
59,Low,"5,140,562,248,995,980","25,125,628,140,703,500","0,79","0,62",1,"7,986,577,181,208,050",0,0,0,0
62,Low,"20,481,927,710,843,300","23,115,577,889,447,200","0,48","0,08","4,666,666,666,666,660","7,919,463,087,248,320",1,0,0,0
63,Low,"3,273,092,369,477,910","22,110,552,763,819,000","0,31","0,02","5,666,666,666,666,660","4,899,328,859,060,400",0,1,0,"5,021,748,254,155,030"
67,Low,"1,365,461,847,389,550","55,276,381,909,547,700","0,87","0,4","3,333,333,333,333,330","697,986,577,181,208",1,1,0,0
71,Low,"1,546,184,738,955,820","728,643,216,080,402","0,54","0,36","0,7","49,664,429,530,201,300",0,0,0,0
72,Low,"6,024,096,385,542,160","40,703,517,587,939,600","0,92","0,96","6,333,333,333,333,330","1,140,939,597,315,430",0,0,0,0
73,Low,"6,646,586,345,381,520","3,517,587,939,698,490","0,48","0,66","36,666,666,666,666,600","12,751,677,852,348,900",0,1,"5,772,748,579,188,550",0
75,Low,"7,951,807,228,915,660","8,844,221,105,527,630","0,63","0,38","13,333,333,333,333,300","2,953,020,134,228,180",0,1,"5,078,201,423,586,000",0
78,Low,"4,417,670,682,730,920","23,618,090,452,261,300","0,32","8,200,000,000,000,000","5,333,333,333,333,330","7,046,979,865,771,810",1,1,0,0
80,Low,"14,056,224,899,598,300","2,562,814,070,351,750","0,49","0,3","6,666,666,666,666,660","46,308,724,832,214,700",1,0,0,"5,920,279,135,100,330"
89,Low,"5,803,212,851,405,620","4,221,105,527,638,190","0,3","0,68",1,"9,597,315,436,241,600",0,1,"7,007,430,051,161,570",0
93,Low,"1,144,578,313,253,010","22,110,552,763,819,000",0,"0,98","3,333,333,333,333,330","4,429,530,201,342,280",0,1,0,"5,093,886,158,532,130"
94,Low,"4,257,028,112,449,790","6,432,160,804,020,100","0,5","0,5","23,333,333,333,333,300","43,624,161,073,825,400",0,0,"5,075,123,717,049,860","511,133,854,787,475"
95,Low,"5,220,883,534,136,540","6,080,402,010,050,250","0,48","0,9","0,1","40,268,456,375,838,900",1,0,0,0
100,Low,"5,863,453,815,261,040","8,793,969,849,246,230","0,12","0,54","0,8","9,395,973,154,362,410",1,1,0,"7,058,386,000,088,310"
108,Low,"9,698,795,180,722,890","18,090,452,261,306,500","0,43","0,5","0,5","4,899,328,859,060,400",0,0,0,"7,228,154,880,986,920"
114,Low,"8,654,618,473,895,580","4,723,618,090,452,260","0,89","0,86",1,"6,308,724,832,214,760",1,1,0,0
117,Low,"2,730,923,694,779,110","7,085,427,135,678,390","0,37","0,18","6,666,666,666,666,660","8,187,919,463,087,240",0,1,0,0
118,Low,"8,634,538,152,610,440","8,391,959,798,994,970","0,4","0,8","4,666,666,666,666,660","3,422,818,791,946,300",0,1,0,0
123,Low,"4,016,064,257,028,110","11,557,788,944,723,600","0,61","0,16","6,666,666,666,666,660","24,161,073,825,503,300",0,1,0,"4,065,367,008,478,840"
125,Low,"9,779,116,465,863,450","20,603,015,075,376,800","0,97","0,14","7,666,666,666,666,660","5,906,040,268,456,370",0,0,0,0
126,Low,"9,297,188,755,020,070","7,839,195,979,899,490","0,6","0,88","3,333,333,333,333,330","8,187,919,463,087,240",1,1,0,0
135,Low,"49,196,787,148,594,300","5,326,633,165,829,140","0,52","0,46","9,666,666,666,666,660","9,865,771,812,080,530",0,1,"41,435,565,920,610,200","41,731,239,896,972,000"
142,Low,"5,220,883,534,136,540","4,321,608,040,201,000","0,97","0,98","8,666,666,666,666,660","5,100,671,140,939,590",0,1,0,0
144,Low,"46,787,148,594,377,500","9,045,226,130,653,260","0,73","0,12","0,3","1,140,939,597,315,430",0,0,0,"5,156,995,036,885,560"
145,Low,"6,305,220,883,534,130","3,969,849,246,231,150","0,09","0,64","0,1","2,013,422,818,791,940",1,1,0,0
154,Low,"5,722,891,566,265,050","7,738,693,467,336,680","0,39","0,62","26,666,666,666,666,600","6,442,953,020,134,220",0,0,0,0
155,Low,"24,096,385,542,168,600","7,939,698,492,462,310","0,65","0,8","6,666,666,666,666,660","2,818,791,946,308,720",1,0,0,0
159,Low,"7,630,522,088,353,410","8,592,964,824,120,600","0,07","0,6","3,333,333,333,333,330","7,785,234,899,328,850",1,0,"5,779,779,507,752,650","5,821,022,588,463,210"
160,Low,"6,204,819,277,108,430","8,190,954,773,869,340","0,66","0,34","0,2","5,838,926,174,496,640",1,0,0,0
164,Low,"5,160,642,570,281,120","24,623,115,577,889,400","0,11","0,46","43,333,333,333,333,300","47,651,006,711,409,300",0,1,0,0
165,Low,"13,453,815,261,044,100","728,643,216,080,402","0,38","0,26","0,5","7,114,093,959,731,540",0,0,0,0
166,Low,"10,000,000,000,000,000","4,673,366,834,170,850","0,21","0,6",0,"7,181,208,053,691,270",0,1,0,0
168,Low,"825,301,204,819,277","9,798,994,974,874,370","0,65","0,02","3,333,333,333,333,330","8,993,288,590,604,020",1,1,"7,058,520,451,374,480",0
172,Low,"25,903,614,457,831,300","3,517,587,939,698,490","0,18","0,02","6,666,666,666,666,660","40,268,456,375,838,900",0,0,0,0
173,Low,"39,959,839,357,429,700","40,703,517,587,939,600","0,39","0,74","0,1","4,093,959,731,543,620",0,1,0,0
174,Low,"1,285,140,562,248,990","5,628,140,703,517,580","0,67","0,68","9,666,666,666,666,660","9,597,315,436,241,600",0,1,0,0
178,Low,"5,763,052,208,835,340","10,050,251,256,281,400","0,84","0,72","7,666,666,666,666,660","8,389,261,744,966,440",1,1,0,0
181,Low,"644,578,313,253,012","6,482,412,060,301,500","0,3","0,48","0,1","7,382,550,335,570,460",1,0,"6,004,493,913,029,260",0
187,Low,"4,437,751,004,016,060","7,587,939,698,492,460","0,71","0,28","36,666,666,666,666,600","6,912,751,677,852,340",0,0,0,0
191,Low,"825,301,204,819,277","7,437,185,929,648,240","0,37","0,84",0,"38,926,174,496,644,200",1,1,"5,706,502,912,068,490",0
194,Low,"2,971,887,550,200,800","9,095,477,386,934,670","0,52","0,4","0,1","6,644,295,302,013,420",0,1,0,0
196,Low,"22,088,353,413,654,600","542,713,567,839,196","0,31",1,"6,666,666,666,666,660","20,134,228,187,919,400",1,1,0,0
197,Low,"2,710,843,373,493,970","9,095,477,386,934,670","0,65","0,2","43,333,333,333,333,300","5,436,241,610,738,250",1,0,0,0
203,Low,"8,152,610,441,767,060","4,673,366,834,170,850","0,34","0,16","0,2","9,328,859,060,402,680",0,0,0,"5,874,185,996,267,320"
204,Low,"3,373,493,975,903,610","8,391,959,798,994,970","0,85","0,06","0,9","4,697,986,577,181,200",0,1,0,0
212,Low,"21,285,140,562,248,900","7,085,427,135,678,390","0,28","0,96",1,"36,241,610,738,255,000",1,1,0,0
213,Low,"2,751,004,016,064,250","9,195,979,899,497,480","0,3","0,8",0,"16,778,523,489,932,800",0,0,0,0
216,Low,"7,369,477,911,646,580","9,095,477,386,934,670","0,75","0,3","23,333,333,333,333,300","7,382,550,335,570,460",1,0,0,"7,193,123,257,067,440"
218,Low,"2,971,887,550,200,800","2,814,070,351,758,790","8,300,000,000,000,000","0,14","13,333,333,333,333,300","5,302,013,422,818,790",0,0,"579,854,299,529,278",0
220,Low,"251,004,016,064,257","7,035,175,879,396,980","0,04","0,8","6,666,666,666,666,660","22,147,651,006,711,400",0,0,"41,931,081,781,389,900",0
225,Low,"36,746,987,951,807,200","9,296,482,412,060,300","0,26","0,86","16,666,666,666,666,600","3,422,818,791,946,300",1,1,"5,840,376,188,124,850",0
227,Low,"825,301,204,819,277","32,160,804,020,100,500","0,96","0,12","9,333,333,333,333,330","9,865,771,812,080,530",1,1,0,0
228,Low,"9,357,429,718,875,500","8,944,723,618,090,450","0,42","0,6","0,1","6,040,268,456,375,830",0,1,0,"5,105,019,247,600,510"
229,Low,"38,554,216,867,469,800","14,572,864,321,608,000","0,56","0,32","26,666,666,666,666,600","16,778,523,489,932,800",1,1,"6,004,493,913,029,260",0
230,Low,"4,879,518,072,289,150","9,246,231,155,778,890","0,78","0,02","0,8","44,966,442,953,020,100",0,1,0,0
233,Low,"3,433,734,939,759,030","3,266,331,658,291,450","0,18","0,28","5,666,666,666,666,660","5,838,926,174,496,640",0,1,0,0
243,Low,"9,477,911,646,586,340","3,618,090,452,261,300","0,54","0,26","3,333,333,333,333,330","832,214,765,100,671",0,0,0,"49,988,268,151,017,000"
248,Low,"7,469,879,518,072,280","9,095,477,386,934,670","0,97","0,54","7,333,333,333,333,330","261,744,966,442,953",1,0,0,0
251,Low,"8,433,734,939,759,030","3,517,587,939,698,490","0,39",0,"36,666,666,666,666,600","1,342,281,879,194,620",0,1,0,0
253,Low,"8,714,859,437,751,000","9,296,482,412,060,300","0,24",1,"0,6","24,161,073,825,503,300",0,0,0,0
259,Low,"4,196,787,148,594,370","10,552,763,819,095,400","0,28",1,"36,666,666,666,666,600","7,046,979,865,771,810",0,0,0,0
267,Low,"40,963,855,421,686,700","6,633,165,829,145,720","0,99","0,54","8,666,666,666,666,660","5,503,355,704,697,980",0,0,0,"5,093,886,158,532,130"
279,Low,"6,706,827,309,236,940","4,773,869,346,733,660","0,63","0,4","0,8","7,114,093,959,731,540",1,0,0,0
280,Low,"251,004,016,064,257","3,517,587,939,698,490","0,51","0,46","8,333,333,333,333,330","4,429,530,201,342,280",1,0,0,0
281,Low,"6,706,827,309,236,940","11,055,276,381,909,500","0,01","0,98","0,2","46,308,724,832,214,700",1,1,0,0
282,Low,"20,281,124,497,991,900","21,105,527,638,190,900","0,5","0,6","3,333,333,333,333,330","4,697,986,577,181,200",0,1,0,"5,117,496,708,958,760"
287,Low,"285,140,562,248,996","5,829,145,728,643,210","0,75","0,68","36,666,666,666,666,600","4,429,530,201,342,280",1,1,0,0
291,Low,"8,775,100,401,606,420","9,195,979,899,497,480","0,89","0,44","36,666,666,666,666,600","4,161,073,825,503,350",0,1,"4,967,765,938,467,810","5,003,214,690,669,610"
295,Low,"18,072,289,156,626,500","8,542,713,567,839,190","0,67","0,24","23,333,333,333,333,300","7,181,208,053,691,270",1,0,0,"5,758,782,574,642,730"
298,Low,"4,598,393,574,297,180","3,618,090,452,261,300","0,08","0,6","8,333,333,333,333,330","7,181,208,053,691,270",0,1,0,0
301,Low,"3,614,457,831,325,300","4,623,115,577,889,440","0,39","0,3","8,666,666,666,666,660","8,791,946,308,724,830",0,1,0,0
303,Low,"9,016,064,257,028,110","7,135,678,391,959,790","0,21","0,98","43,333,333,333,333,300","3,221,476,510,067,110",0,1,0,0
304,Low,"3,012,048,192,771,080","6,281,407,035,175,870","0,72","0,9","0,6","9,664,429,530,201,340",1,0,0,0
313,Low,"8,935,742,971,887,540","7,537,688,442,211,050","0,39","0,32","13,333,333,333,333,300","7,919,463,087,248,320",0,0,"7,058,520,451,374,480",0
316,Low,"40,361,445,783,132,500","8,291,457,286,432,160","0,22","0,84","13,333,333,333,333,300","3,355,704,697,986,570",1,1,"5,042,829,761,092,100",0
320,Low,"6,285,140,562,248,990","17,587,939,698,492,400","0,22","0,72","0,2","5,369,127,516,778,520",0,0,0,"5,861,255,118,356,140"
323,Low,"28,714,859,437,751","37,688,442,211,055,200","0,55","0,36","0,1","22,147,651,006,711,400",0,0,"7,168,392,468,491,490",0
329,Low,"7,510,040,160,642,560","4,924,623,115,577,880",1,"0,84","0,2","7,449,664,429,530,200",0,0,0,"738,301,269,540,322"
331,Low,"15,662,650,602,409,600","6,984,924,623,115,570","0,38","0,16","0,3","5,167,785,234,899,320",0,1,"5,786,748,350,314,490",0
333,Low,"5,522,088,353,413,650","949,748,743,718,593","0,73","0,92","0,3","9,530,201,342,281,870",0,1,"715,651,325,797,244",0
335,Low,"6,506,024,096,385,540","9,195,979,899,497,480","0,36","0,36","0,6","28,859,060,402,684,500",0,1,0,0
336,Low,"7,590,361,445,783,130","5,226,130,653,266,330","0,01","0,02","0,4","36,241,610,738,255,000",1,0,"5,823,485,113,790,290",0
337,Low,"8,574,297,188,755,010","10,050,251,256,281,400","0,48","0,46","8,333,333,333,333,330","3,422,818,791,946,300",0,1,0,0
343,Low,"3,273,092,369,477,910","10,000,000,000,000,000","0,13","0,88","0,7","44,966,442,953,020,100",0,1,0,"5,061,271,314,393,180"
346,Low,"9,819,277,108,433,730","6,030,150,753,768,840","0,3","0,78","23,333,333,333,333,300","8,120,805,369,127,510",1,0,0,"5,160,008,998,865,630"
347,Low,"3,112,449,799,196,780","6,984,924,623,115,570","0,5","0,54","6,333,333,333,333,330","9,597,315,436,241,600",1,1,0,0
348,Low,"13,052,208,835,341,300","37,185,929,648,241,200","0,45","0,44","7,666,666,666,666,660","7,181,208,053,691,270",0,0,0,0
352,Low,"285,140,562,248,996","24,623,115,577,889,400","0,53","0,26","0,4","912,751,677,852,349",1,0,0,0
353,Low,"2,911,646,586,345,380","5,175,879,396,984,920","0,99","0,84",1,"8,187,919,463,087,240",0,0,0,0
355,Low,"8,032,128,514,056,220","6,633,165,829,145,720","0,62","0,5","7,666,666,666,666,660","8,456,375,838,926,170",1,1,0,0
358,Low,"6,767,068,273,092,360","10,050,251,256,281,400","0,79","0,08","0,4","5,436,241,610,738,250",1,0,0,0
360,Low,"22,088,353,413,654,600","2,964,824,120,603,010","5,700,000,000,000,000","0,02","6,666,666,666,666,660","5,033,557,046,979,860",1,1,0,0
364,Low,"6,586,345,381,526,100","6,381,909,547,738,690","0,06","0,84","0,8","40,268,456,375,838,900",1,1,0,0
366,Low,"17,871,485,943,775,000","1,306,532,663,316,580","0,17","0,72","13,333,333,333,333,300","9,865,771,812,080,530",1,1,0,0
368,Low,"8,714,859,437,751,000","12,060,301,507,537,600","9,400,000,000,000,000","0,48","0,6","2,013,422,818,791,940",1,1,0,0
378,Low,"9,437,751,004,016,060","8,743,718,592,964,820","0,55","0,84","6,333,333,333,333,330","3,959,731,543,624,160",0,1,0,"5,708,068,178,909,110"
379,Low,"1,365,461,847,389,550","21,608,040,201,005,000","0,11","0,5","5,333,333,333,333,330","7,046,979,865,771,810",0,0,0,0
380,Low,"19,277,108,433,734,900","8,341,708,542,713,560","0,1","0,02","4,666,666,666,666,660","9,664,429,530,201,340",1,0,0,0
390,Low,"35,742,971,887,550,100","37,688,442,211,055,200","0,51","0,6",0,"3,959,731,543,624,160",0,1,0,0
391,Low,"6,566,265,060,240,960","9,045,226,130,653,260","0,15","0,34","13,333,333,333,333,300","1,342,281,879,194,620",0,1,"7,033,158,026,658,370",0
392,Low,"8,293,172,690,763,050","3,115,577,889,447,230","0,1","0,08",0,"6,040,268,456,375,830",0,1,0,"7,228,154,880,986,920"
395,Low,"2,550,200,803,212,850","2,964,824,120,603,010","0,65","0,28","8,666,666,666,666,660","7,046,979,865,771,810",1,0,0,0
396,Low,"825,301,204,819,277","21,608,040,201,005,000","0,64","0,24","6,666,666,666,666,660","30,201,342,281,879,100",0,1,0,0
399,Low,"6,004,016,064,257,020","10,552,763,819,095,400","9,400,000,000,000,000","0,76","8,666,666,666,666,660","2,080,536,912,751,670",1,1,0,0
405,Low,"7,690,763,052,208,830","4,321,608,040,201,000","0,25","0,64","4,666,666,666,666,660","10,067,114,093,959,700",1,0,0,0
409,Low,"8,293,172,690,763,050","3,165,829,145,728,640","0,74","9,400,000,000,000,000","9,666,666,666,666,660","7,046,979,865,771,810",0,1,0,0
410,Low,"8,433,734,939,759,030","5,879,396,984,924,620","0,26","0,54","8,666,666,666,666,660","5,302,013,422,818,790",1,1,0,0
414,Low,"37,751,004,016,064,200","1,306,532,663,316,580","0,93","0,4","0,1","25,503,355,704,697,900",0,0,"581,909,171,846,092",0
415,Low,"899,598,393,574,297","3,065,326,633,165,820","0,71","0,9","9,333,333,333,333,330","20,134,228,187,919,400",0,1,0,0
419,Low,"285,140,562,248,996","35,678,391,959,798,900","0,56","0,68","8,333,333,333,333,330","3,557,046,979,865,770",1,0,0,0
423,Low,"12,048,192,771,084,300","27,638,190,954,773,800","0,6","0,72","4,666,666,666,666,660",1,0,0,0,0
424,Low,"9,337,349,397,590,360","6,582,914,572,864,320","0,9","0,02","8,333,333,333,333,330","825,503,355,704,698",1,1,"8,145,483,722,921,480",0
426,Low,"24,297,188,755,020,000","4,824,120,603,015,070","0,64","0,9","0,1","18,120,805,369,127,500",1,0,0,0
428,Low,"6,224,899,598,393,570","949,748,743,718,593","6,900,000,000,000,000","0,12","0,5","5,503,355,704,697,980",0,0,0,0
430,Low,"3,333,333,333,333,330","8,592,964,824,120,600","0,87","9,400,000,000,000,000","0,5","10,067,114,093,959,700",0,0,0,0
431,Low,"5,863,453,815,261,040","8,492,462,311,557,780","0,25","0,8","6,666,666,666,666,660","8,053,691,275,167,780",0,0,0,0
432,Low,"8,273,092,369,477,910","9,698,492,462,311,550","0,53","0,68","4,666,666,666,666,660","9,395,973,154,362,410",1,0,0,0
434,Low,"22,489,959,839,357,400","1,507,537,688,442,210","0,12","0,52","9,333,333,333,333,330","3,825,503,355,704,690",0,0,0,0
438,Low,"502,008,032,128,514","8,542,713,567,839,190","0,97","0,46","0,3","5,570,469,798,657,710",1,1,0,0
443,Low,"9,076,305,220,883,530","4,924,623,115,577,880","0,49","0,02","0,1","6,577,181,208,053,690",0,1,0,0
445,Low,"642,570,281,124,498","4,924,623,115,577,880","0,26","7,000,000,000,000,000",0,"6,845,637,583,892,610",1,1,0,0
447,Low,"4,417,670,682,730,920","4,924,623,115,577,880","0,53","7,000,000,000,000,000","4,666,666,666,666,660","7,315,436,241,610,730",0,0,0,0
451,Low,"9,598,393,574,297,180","8,391,959,798,994,970","0,62","0,4",0,"12,751,677,852,348,900",1,1,0,0
452,Low,"321,285,140,562,249","27,638,190,954,773,800","0,65","0,04","8,333,333,333,333,330","3,691,275,167,785,230",0,1,0,0
453,Low,"7,088,353,413,654,610","4,824,120,603,015,070","0,65","0,56","4,666,666,666,666,660","5,033,557,046,979,860",0,1,"5,731,993,228,600,570",0
456,Low,"9,016,064,257,028,110","22,613,065,326,633,100","0,89","0,72",0,"3,959,731,543,624,160",1,0,"5,023,257,528,238,040","505,910,225,473,482"
459,Low,"823,293,172,690,763","6,733,668,341,708,540","0,76","0,16","7,333,333,333,333,330","5,704,697,986,577,180",0,0,0,"517,158,228,228,365"
461,Low,"9,799,196,787,148,590","24,623,115,577,889,400","0,18","0,92","3,333,333,333,333,330","5,570,469,798,657,710",1,1,0,0
463,Low,"2,831,325,301,204,810","5,577,889,447,236,180","0,06","0,8","7,333,333,333,333,330","2,953,020,134,228,180",0,0,"7,168,392,468,491,490",0
465,Low,"4,357,429,718,875,500","949,748,743,718,593","0,27","0,9","0,3","22,147,651,006,711,400",1,1,"5,120,893,664,180,680","5,157,435,098,056,950"
483,Low,"2,188,755,020,080,320","9,396,984,924,623,110","0,51","0,86","5,666,666,666,666,660","19,463,087,248,322,100",1,1,0,0
484,Low,"4,477,911,646,586,340","40,703,517,587,939,600",1,0,"8,666,666,666,666,660","40,268,456,375,838,900",0,0,0,0
485,Low,"4,357,429,718,875,500","6,783,919,597,989,940","0,04","0,38","6,666,666,666,666,660","8,859,060,402,684,560",0,1,0,0
486,Low,"142,570,281,124,498","10,000,000,000,000,000","0,24","0,26","9,666,666,666,666,660","20,134,228,187,919,400",1,0,0,0
487,Low,"6,365,461,847,389,550","7,437,185,929,648,240","0,23","7,000,000,000,000,000","7,333,333,333,333,330","523,489,932,885,906",1,0,0,0
493,Low,"3,192,771,084,337,340","9,447,236,180,904,520","9,400,000,000,000,000","0,3","6,333,333,333,333,330","1,342,281,879,194,630",1,0,0,0
494,Low,"8,855,421,686,746,980","7,738,693,467,336,680","0,11","0,26","26,666,666,666,666,600","1,140,939,597,315,430",1,1,0,0
500,Low,"7,369,477,911,646,580","6,683,417,085,427,130","0,3","0,98","9,666,666,666,666,660","5,369,127,516,778,520",0,0,0,"5,782,865,835,298,550"
7,Medium,"37,148,594,377,510,000","4,623,115,577,889,440","0,02","0,06","0,2","20,134,228,187,919,400",0,0,0,0
9,Medium,"7,570,281,124,497,990","18,090,452,261,306,500","0,37","0,88","5,333,333,333,333,330","2,483,221,476,510,060",0,0,"5,804,856,468,366,170",0
11,Medium,"8,534,136,546,184,730","9,547,738,693,467,330","0,88","0,1","0,5","5,436,241,610,738,250",1,0,"5,667,462,023,186,850",0
15,Medium,"7,590,361,445,783,130","7,788,944,723,618,090","0,61","0,64","0,4","5,838,926,174,496,640",1,1,0,0
18,Medium,"47,791,164,658,634,500","1,256,281,407,035,170","7,000,000,000,000,000","0,44","9,666,666,666,666,660","6,241,610,738,255,030",0,1,1,0
21,Medium,"3,333,333,333,333,330","10,050,251,256,281,400","0,04","0,52","0,2","2,080,536,912,751,670",0,0,0,0
22,Medium,"17,469,879,518,072,200","9,045,226,130,653,260","0,29","0,62","36,666,666,666,666,600","2,953,020,134,228,180",1,0,0,0
25,Medium,"6,405,622,489,959,830","14,572,864,321,608,000","0,16","0,34",0,"3,825,503,355,704,690",0,1,0,0
27,Medium,"14,457,831,325,301,200","40,703,517,587,939,600","0,46","0,98",0,"8,389,261,744,966,440",0,1,"7,007,430,051,161,570",0
30,Medium,"6,365,461,847,389,550","8,040,201,005,025,120","0,29","0,34","9,666,666,666,666,660","40,268,456,375,838,900",0,1,0,0
31,Medium,"9,297,188,755,020,070","9,396,984,924,623,110","0,38","0,1","0,3","25,503,355,704,697,900",0,1,0,0
35,Medium,"22,690,763,052,208,800","24,623,115,577,889,400","0,67","0,34","9,666,666,666,666,660","44,966,442,953,020,100",0,0,"5,024,100,026,567,620",0
37,Medium,"35,341,365,461,847,300","9,748,743,718,592,960","0,43","0,48","9,333,333,333,333,330","8,724,832,214,765,100",1,0,0,0
40,Medium,"4,397,590,361,445,780","7,587,939,698,492,460","0,67","0,76","9,666,666,666,666,660","4,295,302,013,422,810",1,1,0,0
42,Medium,"8,493,975,903,614,450","8,592,964,824,120,600","0,84","0,28","13,333,333,333,333,300","7,114,093,959,731,540",1,1,0,1
45,Medium,"28,112,449,799,196,700","8,542,713,567,839,190","5,700,000,000,000,000","0,58","6,666,666,666,666,660","7,919,463,087,248,320",1,0,0,"7,133,148,220,027,760"
55,Medium,"4,216,867,469,879,510","17,085,427,135,678,300","0,55","8,200,000,000,000,000","6,666,666,666,666,660","27,516,778,523,489,900",1,1,0,"7,181,289,936,871,510"
57,Medium,"5,502,008,032,128,510","7,437,185,929,648,240","0,79","0,06","9,666,666,666,666,660","23,489,932,885,906,000",1,1,0,0
58,Medium,"12,048,192,771,084,300","9,698,492,462,311,550","0,23","0,2","26,666,666,666,666,600","60,402,684,563,758,300",1,0,0,0
61,Medium,"967,871,485,943,775","25,125,628,140,703,500","9,400,000,000,000,000","9,400,000,000,000,000","0,6","1,342,281,879,194,630",1,1,0,0
64,Medium,"5,622,489,959,839,350","135,678,391,959,799","0,19","0,6","43,333,333,333,333,300","16,778,523,489,932,800",0,1,0,0
68,Medium,"9,558,232,931,726,900","25,125,628,140,703,500","0,16",1,"0,6","4,563,758,389,261,740",0,0,"5,029,438,707,402,600",0
70,Medium,"11,244,979,919,678,700","8,040,201,005,025,120","0,19",1,"5,666,666,666,666,660","6,442,953,020,134,220",0,0,0,"5,825,909,064,392,900"
74,Medium,"35,943,775,100,401,600","7,236,180,904,522,610","0,01","0,62","9,666,666,666,666,660","5,570,469,798,657,710",1,1,0,0
76,Medium,"5,682,730,923,694,770","8,291,457,286,432,160","0,31","0,24","5,666,666,666,666,660","8,791,946,308,724,830",0,1,0,"738,301,269,540,322"
77,Medium,"1,827,309,236,947,790","4,623,115,577,889,440","0,37","0,86","16,666,666,666,666,600","7,718,120,805,369,120",1,1,0,"8,876,816,563,196,680"
85,Medium,"7,008,032,128,514,050","7,035,175,879,396,980","0,42","0,74","8,666,666,666,666,660","6,845,637,583,892,610",1,0,"41,356,936,230,914,100",0
87,Medium,"6,987,951,807,228,910","4,472,361,809,045,220","0,09","0,76","0,2","174,496,644,295,302",0,0,0,0
88,Medium,"9,036,144,578,313,250","16,080,402,010,050,200","8,200,000,000,000,000","0,78",0,"34,899,328,859,060,300",0,0,0,"5,020,041,269,066,050"
91,Medium,"7,289,156,626,506,020","19,095,477,386,934,600","0,18","0,46","8,666,666,666,666,660","9,865,771,812,080,530",1,1,"5,889,482,320,891,420",0
96,Medium,"9,859,437,751,004,010","37,688,442,211,055,200","0,19","0,12","3,333,333,333,333,330","6,711,409,395,973,140",0,0,0,0
99,Medium,"931,726,907,630,522","5,577,889,447,236,180","0,87","0,2","0,7","7,718,120,805,369,120",0,1,0,0
101,Medium,"5,060,240,963,855,420","6,633,165,829,145,720","8,200,000,000,000,000","0,44","0,2","5,771,812,080,536,910",1,0,0,0
103,Medium,"4,638,554,216,867,460","7,688,442,211,055,270","0,01","0,96",1,"24,161,073,825,503,300",0,0,0,0
104,Medium,"9,839,357,429,718,870","1,256,281,407,035,170","0,67","0,98","3,333,333,333,333,330","8,859,060,402,684,560",0,1,"5,032,473,595,495,160","5,068,384,085,574,300"
105,Medium,"8,634,538,152,610,440","7,738,693,467,336,680","7,000,000,000,000,000","0,08","23,333,333,333,333,300","28,859,060,402,684,500",0,0,0,"49,899,212,421,072,700"
106,Medium,"21,686,746,987,951,800","25,125,628,140,703,500","0,45","0,2","0,9","8,859,060,402,684,560",1,1,0,0
107,Medium,"4,578,313,253,012,040","5,527,638,190,954,770","0,38","0,08","5,666,666,666,666,660","5,704,697,986,577,180",1,0,0,0
109,Medium,"10,441,767,068,273,000","11,055,276,381,909,500","0,49","0,02","6,333,333,333,333,330","14,093,959,731,543,600",0,1,0,0
111,Medium,"3,293,172,690,763,050","7,437,185,929,648,240","0,4","0,32","6,333,333,333,333,330","5,570,469,798,657,710",1,1,0,0
112,Medium,"7,228,915,662,650,600","7,236,180,904,522,610","0,71","0,24","0,4","9,597,315,436,241,600",0,0,0,0
113,Medium,"4,337,349,397,590,360","24,623,115,577,889,400","0,79","0,9","7,333,333,333,333,330","40,268,456,375,838,900",1,1,0,0
115,Medium,"9,337,349,397,590,360","15,075,376,884,422,100","0,42","0,42","4,666,666,666,666,660","9,865,771,812,080,530",0,0,0,0
116,Medium,"7,751,004,016,064,250","24,623,115,577,889,400","0,11","8,200,000,000,000,000","6,333,333,333,333,330","9,664,429,530,201,340",0,1,0,0
119,Medium,"21,686,746,987,951,800","10,050,251,256,281,400","0,72","0,24","16,666,666,666,666,600","5,369,127,516,778,520",0,0,0,0
124,Medium,"7,329,317,269,076,300","2,814,070,351,758,790","0,39","0,58","6,666,666,666,666,660","523,489,932,885,906",0,0,0,0
128,Medium,"5,160,642,570,281,120","14,572,864,321,608,000","0,59","0,14","6,333,333,333,333,330","7,181,208,053,691,270",1,1,0,0
130,Medium,"8,413,654,618,473,890","23,618,090,452,261,300","0,72","0,34","0,4","4,832,214,765,100,670",0,0,0,0
131,Medium,"4,457,831,325,301,200","3,869,346,733,668,340","0,79","0,1","5,666,666,666,666,660","8,053,691,275,167,780",1,0,0,0
134,Medium,"5,220,883,534,136,540","542,713,567,839,196","0,18","0,12","43,333,333,333,333,300","32,885,906,040,268,400",1,0,0,0
137,Medium,"6,024,096,385,542,160","7,939,698,492,462,310","0,08","0,26","9,333,333,333,333,330","8,724,832,214,765,090",1,0,0,0
140,Medium,"7,751,004,016,064,250","8,341,708,542,713,560","0,19","0,34","36,666,666,666,666,600","5,906,040,268,456,370",1,1,0,0
141,Medium,"1,967,871,485,943,770","8,241,206,030,150,750","0,38","0,2","4,666,666,666,666,660","23,489,932,885,906,000",0,1,0,"5,694,819,494,756,560"
146,Medium,"646,586,345,381,526","2,663,316,582,914,570","0,5","0,92","7,666,666,666,666,660","6,174,496,644,295,300",0,0,0,0
149,Medium,"4,417,670,682,730,920","8,542,713,567,839,190","0,31","0,38","4,666,666,666,666,660","912,751,677,852,349",0,0,0,"5,093,886,158,532,130"
151,Medium,"6,606,425,702,811,240","7,135,678,391,959,790","0,76","0,08","0,9","6,308,724,832,214,760",0,1,"46,085,301,069,645,800",0
153,Medium,"8,815,261,044,176,700","964,824,120,603,015","0,98","0,46","0,8","38,926,174,496,644,200",1,0,"7,108,189,277,841,200",0
156,Medium,"5,341,365,461,847,380","5,025,125,628,140,700","0,14","0,9","8,666,666,666,666,660","27,516,778,523,489,900",1,0,0,"5,032,782,906,675,630"
157,Medium,"15,261,044,176,706,800","4,522,613,065,326,630","0,86","0,48","0,9","3,221,476,510,067,110",1,1,0,0
158,Medium,"4,016,064,257,028,110","8,040,201,005,025,120","0,08","0,98","0,1","3,422,818,791,946,300",0,0,"5,804,856,468,366,170",0
163,Medium,"2,228,915,662,650,600","10,000,000,000,000,000","8,200,000,000,000,000","0,46","0,8","7,382,550,335,570,460",1,1,"7,108,189,277,841,200",0
169,Medium,"7,429,718,875,502,000","11,557,788,944,723,600","0,24","0,54","6,333,333,333,333,330","4,563,758,389,261,740",0,0,"5,823,485,113,790,290",0
177,Medium,"8,935,742,971,887,540","1,256,281,407,035,170",0,"0,46","5,333,333,333,333,330","20,134,228,187,919,400",0,0,"5,167,351,778,749,210",0
182,Medium,"5,100,401,606,425,700","4,723,618,090,452,260","0,58","0,96","16,666,666,666,666,600","5,570,469,798,657,710",1,0,0,0
186,Medium,"41,365,461,847,389,500","5,829,145,728,643,210","0,64","0,74","5,666,666,666,666,660","7,382,550,335,570,460",0,0,"5,846,827,446,372,570",0
188,Medium,"10,642,570,281,124,400","8,793,969,849,246,230","0,2","0,86","6,666,666,666,666,660","8,724,832,214,765,090",0,0,0,0
190,Medium,"3,433,734,939,759,030","4,020,100,502,512,560","0,75","0,46","6,333,333,333,333,330","825,503,355,704,698",1,1,"4,972,188,816,820,880",0
192,Medium,"14,859,437,751,004,000","21,608,040,201,005,000","0,86","0,84","6,333,333,333,333,330","30,201,342,281,879,100",1,0,0,0
195,Medium,"7,469,879,518,072,280","6,582,914,572,864,320","0,46","0,6","8,333,333,333,333,330","3,355,704,697,986,570",1,1,0,0
199,Medium,"49,999,999,999,999,900","7,738,693,467,336,680","0,48","0,8","6,666,666,666,666,660","174,496,644,295,302",1,1,0,0
200,Medium,"8,755,020,080,321,280","34,673,366,834,170,800","0,56","0,62","23,333,333,333,333,300","8,724,832,214,765,090",1,1,0,"5,893,218,411,363,680"
201,Medium,"35,542,168,674,698,700","7,035,175,879,396,980","0,03","0,92","4,666,666,666,666,660",0,0,0,0,"7,083,659,377,670,370"
202,Medium,"9,036,144,578,313,250","6,281,407,035,175,870","0,58","0,02","36,666,666,666,666,600","8,120,805,369,127,510",0,1,"4,974,928,780,215,540",0
206,Medium,"323,293,172,690,763","7,738,693,467,336,680","0,85","0,18","0,9","25,503,355,704,697,900",1,1,0,0
208,Medium,"34,939,759,036,144,500","22,110,552,763,819,000","0,13","0,76","43,333,333,333,333,300","2,684,563,758,389,260",0,0,0,0
209,Medium,"8,975,903,614,457,830","19,597,989,949,748,700","0,37","0,32","0,8","42,281,879,194,630,800",0,0,0,0
214,Medium,"7,309,236,947,791,160","9,396,984,924,623,110","0,96","0,48",0,"5,369,127,516,778,520",0,1,0,0
217,Medium,"6,305,220,883,534,130","7,839,195,979,899,490","7,000,000,000,000,000","0,18","43,333,333,333,333,300","8,456,375,838,926,170",1,1,0,0
221,Medium,"6,867,469,879,518,070","5,577,889,447,236,180","47,000,000,000,000,000","8,200,000,000,000,000",1,"19,463,087,248,322,100",1,1,0,0
222,Medium,"6,024,096,385,542,160","5,728,643,216,080,400","0,07","0,22","23,333,333,333,333,300","9,530,201,342,281,870",1,0,"49,905,852,357,119,500","5,026,196,820,789,430"
223,Medium,"9,718,875,502,008,030","17,085,427,135,678,300","0,11","0,98","6,666,666,666,666,660","6,040,268,456,375,830",1,0,"6,004,493,913,029,260",0
224,Medium,"642,570,281,124,498","37,185,929,648,241,200","9,400,000,000,000,000","0,86","36,666,666,666,666,600","6,711,409,395,973,140",1,1,0,0
231,Medium,"34,136,546,184,738,900","40,703,517,587,939,600","8,200,000,000,000,000",1,"8,666,666,666,666,660","31,543,624,161,073,800",1,1,"5,833,893,984,928,920",0
239,Medium,"2,771,084,337,349,390","12,060,301,507,537,600","0,63","0,8","5,666,666,666,666,660","21,476,510,067,114,000",0,0,0,0
241,Medium,"22,489,959,839,357,400","19,597,989,949,748,700","7,000,000,000,000,000","0,74","23,333,333,333,333,300","40,268,456,375,838,900",1,0,"9,512,522,464,300,760",0
244,Medium,"8,052,208,835,341,360","17,587,939,698,492,400","0,3","0,86",0,"8,993,288,590,604,020",0,0,"5,731,415,645,743,220",0
246,Medium,"38,152,610,441,767,000","6,582,914,572,864,320","0,09","0,44","0,4","24,161,073,825,503,300",1,0,0,0
247,Medium,"1,606,425,702,811,240","3,165,829,145,728,640","0,74","0,86","0,9","12,080,536,912,751,600",0,1,0,0
252,Medium,"48,594,377,510,040,100","9,698,492,462,311,550","0,64","0,98","7,333,333,333,333,330","26,845,637,583,892,600",1,0,"5,065,431,190,383,510","5,101,576,857,729,230"
254,Medium,"5,943,775,100,401,600","5,326,633,165,829,140","0,01","0,68","6,666,666,666,666,660","2,953,020,134,228,180",1,1,0,0
255,Medium,"8,815,261,044,176,700","8,090,452,261,306,530","0,98","0,02","0,9","40,268,456,375,838,900",0,1,0,0
256,Medium,"4,879,518,072,289,150","7,638,190,954,773,860","0,55","0,44","6,333,333,333,333,330","19,463,087,248,322,100",1,0,0,"509,652,494,060,346"
258,Medium,"41,365,461,847,389,500","7,889,447,236,180,900","0,73","0,08","6,333,333,333,333,330","7,382,550,335,570,460",0,0,0,0
261,Medium,"22,088,353,413,654,600","6,030,150,753,768,840","0,67","0,06","0,4","30,201,342,281,879,100",0,1,0,0
265,Medium,"6,365,461,847,389,550","9,045,226,130,653,260","0,85","0,4","0,6","32,885,906,040,268,400",1,1,0,0
268,Medium,"7,228,915,662,650,600","457,286,432,160,804","0,56","0,02","23,333,333,333,333,300","30,201,342,281,879,100",0,0,"5,899,560,394,844,820",0
276,Medium,"49,598,393,574,297,100","38,190,954,773,869,300","0,36","0,62","9,666,666,666,666,660","7,986,577,181,208,050",0,1,0,0
278,Medium,"6,204,819,277,108,430","8,291,457,286,432,160","0,3","0,5","6,666,666,666,666,660","5,436,241,610,738,250",0,0,0,0
283,Medium,"3,012,048,192,771,080","12,060,301,507,537,600","0,84","0,52","7,333,333,333,333,330","8,791,946,308,724,830",1,0,0,0
286,Medium,"21,285,140,562,248,900","2,562,814,070,351,750","0,26","0,9","7,666,666,666,666,660","4,161,073,825,503,350",0,1,0,"7,193,123,257,067,440"
288,Medium,"6,325,301,204,819,270","7,688,442,211,055,270","0,13","0,76","0,3","32,885,906,040,268,400",0,0,0,0
294,Medium,"4,076,305,220,883,530","12,060,301,507,537,600","0,27","0,1","0,3","9,731,543,624,161,070",1,0,0,"5,817,732,565,707,120"
297,Medium,"716,867,469,879,518","728,643,216,080,402","0,43","8,200,000,000,000,000","7,666,666,666,666,660","12,751,677,852,348,900",1,1,0,0
300,Medium,"3,473,895,582,329,310","7,236,180,904,522,610","0,19","0,4","9,666,666,666,666,660","6,711,409,395,973,150",1,1,0,0
306,Medium,"8,875,502,008,032,120","7,135,678,391,959,790","0,5","0,36","0,7","8,523,489,932,885,900",0,1,"7,108,189,277,841,200",0
307,Medium,"6,546,184,738,955,820","3,417,085,427,135,670",0,"0,22","0,8","3,691,275,167,785,230",0,1,0,0
312,Medium,"5,100,401,606,425,700","3,165,829,145,728,640","0,81","9,400,000,000,000,000","8,666,666,666,666,660","7,382,550,335,570,460",0,0,0,0
314,Medium,"9,257,028,112,449,790","35,175,879,396,984,900","0,13","0,74","23,333,333,333,333,300","20,134,228,187,919,400",0,0,0,0
319,Medium,"3,514,056,224,899,590","6,783,919,597,989,940","0,92","0,28","0,1","6,711,409,395,973,140",0,0,0,0
321,Medium,"4,377,510,040,160,640","4,673,366,834,170,850","0,5","0,92","6,666,666,666,666,660","6,711,409,395,973,150",1,1,0,0
322,Medium,"825,301,204,819,277","6,884,422,110,552,760","0,61","0,42","7,666,666,666,666,660","10,738,255,033,557,000",1,0,0,0
326,Medium,"2,971,887,550,200,800","3,015,075,376,884,420","0,99","7,000,000,000,000,000","0,3","5,704,697,986,577,180",1,1,0,"5,850,848,023,420,020"
327,Medium,"7,008,032,128,514,050","1,306,532,663,316,580","0,85","0,28",1,"7,046,979,865,771,810",0,0,"5,804,856,468,366,170",0
334,Medium,"4,518,072,289,156,620","20,100,502,512,562,800","0,52","0,98","0,2","4,429,530,201,342,280",1,1,0,"7,058,386,000,088,310"
338,Medium,"6,666,666,666,666,660","6,683,417,085,427,130","0,91","0,44","3,333,333,333,333,330","6,308,724,832,214,760",1,0,0,0
339,Medium,"9,437,751,004,016,060","25,125,628,140,703,500","0,38","0,3","6,666,666,666,666,660","8,187,919,463,087,240",0,1,0,"7,032,746,389,914,470"
344,Medium,"7,068,273,092,369,470","34,673,366,834,170,800","0,54","0,32","0,7","7,718,120,805,369,120",0,1,0,0
351,Medium,"6,967,871,485,943,770","4,422,110,552,763,810","5,700,000,000,000,000","0,44","9,666,666,666,666,660","825,503,355,704,698",0,0,0,0
354,Medium,"6,787,148,594,377,500","1,658,291,457,286,430","0,77","0,1",0,"10,738,255,033,557,000",1,0,0,0
357,Medium,"22,088,353,413,654,600","8,391,959,798,994,970","0,29","0,8",0,"5,033,557,046,979,860",0,0,0,0
361,Medium,"19,879,518,072,289,100","8,291,457,286,432,160","0,1","0,84","3,333,333,333,333,330","6,442,953,020,134,220",1,1,0,0
362,Medium,"536,144,578,313,253","507,537,688,442,211","0,53","0,36","9,333,333,333,333,330","3,221,476,510,067,110",0,0,0,0
370,Medium,"6,626,506,024,096,380","728,643,216,080,402","0,3","0,42","6,666,666,666,666,660","14,765,100,671,140,900",1,0,0,0
371,Medium,"7,590,361,445,783,130","8,291,457,286,432,160","0,78","0,04","16,666,666,666,666,600","7,046,979,865,771,810",1,1,0,0
372,Medium,"34,136,546,184,738,900","8,040,201,005,025,120","0,68","0,52","0,2","4,563,758,389,261,740",0,0,"5,079,839,858,981,090",0
374,Medium,"4,357,429,718,875,500","7,889,447,236,180,900","41,000,000,000,000,000",1,"0,3","7,315,436,241,610,730",1,1,0,"41,746,456,055,814,400"
381,Medium,"1,686,746,987,951,800","8,994,974,874,371,850",1,"0,42","26,666,666,666,666,600","7,516,778,523,489,930",1,1,0,0
384,Medium,"2,329,317,269,076,300","6,030,150,753,768,840","0,78","0,32","0,8","22,818,791,946,308,700",0,0,0,0
387,Medium,"4,397,590,361,445,780","507,537,688,442,211","0,5","0,04","13,333,333,333,333,300","20,134,228,187,919,400",1,1,0,"7,228,154,880,986,920"
388,Medium,"48,995,983,935,742,900","4,924,623,115,577,880","0,48","0,4","5,666,666,666,666,660","7,986,577,181,208,050",0,1,0,0
394,Medium,"825,301,204,819,277","7,386,934,673,366,830","0,2","0,58","7,666,666,666,666,660","40,268,456,375,838,900",0,1,0,0
401,Medium,"34,136,546,184,738,900","7,336,683,417,085,420","0,07","0,06","8,666,666,666,666,660","8,859,060,402,684,560",1,1,0,0
406,Medium,"6,024,096,385,542,160","7,738,693,467,336,680","0,56","0,04","6,666,666,666,666,660","28,859,060,402,684,500",0,1,0,0
407,Medium,"5,682,730,923,694,770","3,517,587,939,698,490","0,49","0,66",0,"43,624,161,073,825,400",0,1,0,0
411,Medium,"4,538,152,610,441,760","2,964,824,120,603,010","0,73","0,98","0,3","7,114,093,959,731,540",1,0,0,0
412,Medium,"6,947,791,164,658,630","7,537,688,442,211,050","0,03","8,200,000,000,000,000","0,4","919,463,087,248,322",0,0,0,0
416,Medium,"823,293,172,690,763","4,824,120,603,015,070","0,72","0,28","0,4","6,308,724,832,214,760",1,1,0,"7,193,123,257,067,440"
418,Medium,"7,429,718,875,502,000","36,683,417,085,427,100","0,91","0,6",0,"4,295,302,013,422,810",1,0,0,"5,817,732,565,707,120"
420,Medium,"8,714,859,437,751,000","28,643,216,080,402,000","0,89","0,88","16,666,666,666,666,600","4,093,959,731,543,620",1,1,"40,486,170,808,570,600","40,775,070,135,626,200"
421,Medium,"642,570,281,124,498","9,045,226,130,653,260","0,28","0,3","0,4","3,825,503,355,704,690",1,0,0,"49,899,212,421,072,700"
422,Medium,"7,108,433,734,939,750","8,341,708,542,713,560","0,92","0,42","6,666,666,666,666,660","8,993,288,590,604,020",1,0,0,"5,850,848,023,420,020"
427,Medium,"39,558,232,931,726,900","728,643,216,080,402","6,900,000,000,000,000","0,66","16,666,666,666,666,600","14,093,959,731,543,600",1,0,"7,058,520,451,374,480",0
429,Medium,"10,642,570,281,124,400","11,557,788,944,723,600","0,2","0,38","26,666,666,666,666,600","30,201,342,281,879,100",0,0,0,0
435,Medium,"6,847,389,558,232,930","7,788,944,723,618,090","0,39","8,200,000,000,000,000","0,6","36,241,610,738,255,000",0,0,0,0
441,Medium,"9,959,839,357,429,710","19,597,989,949,748,700","0,64","0,44","7,333,333,333,333,330","34,899,328,859,060,300",1,1,0,0
446,Medium,"16,265,060,240,963,800","9,798,994,974,874,370","0,78","0,16","36,666,666,666,666,600","1,879,194,630,872,480",0,1,0,0
454,Medium,"4,518,072,289,156,620","5,326,633,165,829,140","0,87","0,84","5,666,666,666,666,660","825,503,355,704,698",0,0,0,"7,083,659,377,670,370"
457,Medium,"9,779,116,465,863,450","4,020,100,502,512,560","0,12","0,84","5,333,333,333,333,330","23,489,932,885,906,000",0,1,0,"7,228,154,880,986,920"
462,Medium,"5,301,204,819,277,100","6,683,417,085,427,130","0,16","0,5","16,666,666,666,666,600","6,510,067,114,093,950",1,1,0,0
464,Medium,"2,911,646,586,345,380","9,899,497,487,437,180","0,22","0,22","5,333,333,333,333,330","10,067,114,093,959,700",1,0,0,"577,341,669,064,506"
466,Medium,"2,108,433,734,939,750",0,"0,62","0,9","0,9","6,845,637,583,892,610",0,0,"5,889,482,320,891,420",0
467,Medium,"9,357,429,718,875,500","6,030,150,753,768,840","0,42","0,36","23,333,333,333,333,300","6,241,610,738,255,030",0,1,"5,904,731,912,725,910",0
469,Medium,"1,606,425,702,811,240","6,683,417,085,427,130","0,31","0,32","36,666,666,666,666,600","6,040,268,456,375,830",0,1,0,0
474,Medium,"39,959,839,357,429,700","27,638,190,954,773,800","0,71","0,38","5,333,333,333,333,330","18,120,805,369,127,500",1,0,0,0
476,Medium,"38,755,020,080,321,200","6,683,417,085,427,130","0,02",0,"3,333,333,333,333,330","2,013,422,818,791,940",1,0,0,0
477,Medium,"1,465,863,453,815,260","9,396,984,924,623,110","0,8","0,38","43,333,333,333,333,300","785,234,899,328,859",0,0,"41,802,082,933,368,400","42,100,372,284,714,400"
479,Medium,"2,610,441,767,068,270","6,934,673,366,834,170","0,01","0,04","0,7","2,818,791,946,308,720",0,0,0,"4,459,323,528,653,420"
481,Medium,"8,614,457,831,325,300","7,788,944,723,618,090","0,54","0,4","36,666,666,666,666,600","1,140,939,597,315,430",1,1,0,0
488,Medium,"26,706,827,309,236,900","8,793,969,849,246,230","0,3","0,16","9,666,666,666,666,660","4,093,959,731,543,620",1,1,0,0
489,Medium,"9,016,064,257,028,110","2,914,572,864,321,600","0,26",1,"7,333,333,333,333,330","8,120,805,369,127,510",0,1,0,"8,341,608,413,726,380"
490,Medium,"4,759,036,144,578,310","1,507,537,688,442,210","0,31","0,2","0,8","4,161,073,825,503,350",0,0,0,0
491,Medium,"504,016,064,257,028","949,748,743,718,593","0,56","0,98","0,5","26,845,637,583,892,600",0,1,"6,914,342,867,985,430",0
492,Medium,0,"7,587,939,698,492,460","0,8","0,96","9,333,333,333,333,330","7,651,006,711,409,390",0,0,0,0
499,Medium,"8,353,413,654,618,470","7,437,185,929,648,240","0,54","0,86","6,666,666,666,666,660","9,597,315,436,241,600",1,0,0,0